run,ack,cycles,beacons_60s,rssi_raw_mean,frame_class,mpdus,copies,copies_per_mpdu,first_copy_retry_pct,repeated_pct
gate1,1,11,586,68.3,assoc-resp,12,12,1.00,0.0,0.0
gate1,1,11,586,68.3,auth-resp,12,12,1.00,0.0,0.0
gate1,1,11,586,68.3,deauth,11,11,1.00,0.0,0.0
gate1,1,11,586,68.3,qos-data,47,47,1.00,2.1,0.0
gate1,1,11,586,68.3,ALL,82,82,1.00,1.2,0.0
gate2,0,11,587,68.3,assoc-resp,12,83,6.92,8.3,100.0
gate2,0,11,587,68.3,auth-resp,12,84,7.00,0.0,100.0
gate2,0,11,587,68.3,deauth,11,142,12.91,0.0,100.0
gate2,0,11,587,68.3,qos-data,47,1542,32.81,0.0,100.0
gate2,0,11,587,68.3,ALL,82,1851,22.57,1.2,100.0
gate3,1,11,587,67.8,assoc-resp,12,12,1.00,0.0,0.0
gate3,1,11,587,67.8,auth-resp,12,13,1.08,0.0,8.3
gate3,1,11,587,67.8,deauth,11,11,1.00,0.0,0.0
gate3,1,11,587,67.8,qos-data,47,47,1.00,0.0,0.0
gate3,1,11,587,67.8,ALL,82,83,1.01,0.0,1.2
gate4,0,11,588,67.8,assoc-resp,12,84,7.00,0.0,100.0
gate4,0,11,588,67.8,auth-resp,12,83,6.92,0.0,100.0
gate4,0,11,588,67.8,deauth,11,142,12.91,0.0,100.0
gate4,0,11,588,67.8,qos-data,47,1548,32.94,2.1,100.0
gate4,0,11,588,67.8,ALL,82,1857,22.65,1.2,100.0
