t_mono_ms	blk	k	n	got	missing	missing_data	where	span_us	gap_max_us	rssi_a_dbm	rssi_b_dbm	fcs	reason
1329209	218	4	8	00000111	5	0,1,2,3	head	580	11099	-24.7	-26.0	1	flush
1349567	5392	4	8	01100001	5	0,3	scattered	1570	1304	-40.0	-40.7	10	flush
1349571	5394	4	8	10000001	6	1,2,3	middle	1899	1899	-39.0	-41.0	8	flush
1462480	48106	4	8	11000000	6	2,3	tail	186	4021	-33.0	-35.0	0	flush
1495553	60631	4	8	10100001	5	1,3	scattered	1849	1311	-24.0	-28.0	0	flush
1499029	61947	4	8	10000011	5	1,2,3	middle	4919	4639	-25.3	-27.3	1	flush
1500584	62539	4	8	00000001	7	0,1,2,3	head	0	1862	-26.0	-28.0	0	flush
1503103	63492	4	8	10000011	5	1,2,3	middle	1909	1631	-24.7	-28.0	1	flush
1503604	63687	4	8	11000000	6	2,3	tail	255	2746	-24.0	-28.0	1	flush
1519856	69842	4	8	01100000	6	0,3	head+tail	460	2502	-25.0	-27.0	2	flush
1519864	69845	4	8	10110000	5	1	scattered	241	2192	-26.7	-28.0	1	flush
1519877	69850	4	8	01000000	7	0,2,3	head+tail	0	4124	-26.0	-28.0	0	flush
1521150	70340	4	8	00000001	7	0,1,2,3	head	0	300	-26.0	-30.0	1	flush
1521429	70450	4	8	11100000	5	3	tail	2914	2660	-24.7	-28.0	0	flush
1523256	71149	4	8	10000001	6	1,2,3	middle	1881	1881	-24.0	-28.0	1	flush
1524654	71676	4	8	00001011	5	0,1,2,3	scattered	846	750	-26.0	-28.7	1	flush
1525281	71914	4	8	10000001	6	1,2,3	middle	2060	2060	-26.0	-29.0	1	flush
1525529	72015	4	8	00000001	7	0,1,2,3	head	0	469	-26.0	-30.0	1	flush
1526028	72206	4	8	10000000	7	1,2,3	tail	0	2156	-26.0	-28.0	0	flush
1526828	72512	4	8	00000001	7	0,1,2,3	head	0	288	-28.0	-30.0	1	flush
1531503	74295	4	8	11100000	5	3	tail	443	2304	-26.0	-28.0	0	flush
1534503	75431	4	8	10000001	6	1,2,3	middle	4451	2305	-25.0	-28.0	1	flush
1536228	76093	4	8	00000001	7	0,1,2,3	head	0	291	-26.0	-28.0	0	flush
1538631	77032	4	8	00000011	6	0,1,2,3	head	244	312	-27.0	-29.0	1	flush
1540352	77684	4	8	11100000	5	3	tail	4629	4159	-24.7	-27.3	1	flush
1540706	77824	4	8	10000000	7	1,2,3	tail	0	3419	-24.0	-28.0	1	flush
1542127	78359	4	8	10110000	5	1	scattered	141	1331	-26.0	-28.7	0	flush
1546902	80180	4	8	11100000	5	3	tail	597	2098	-26.0	-28.0	0	flush
1547354	80353	4	8	00000111	5	0,1,2,3	head	506	353	-26.7	-26.0	1	flush
1548531	80815	4	8	00000111	5	0,1,2,3	head	536	320	-25.3	-26.7	1	flush
1556568	83858	4	8	00000001	7	0,1,2,3	head	0	277	-24.0	-30.0	1	flush
1558692	84661	4	8	10000011	5	1,2,3	middle	4209	3964	-26.7	-26.0	1	flush
1562255	85996	4	8	00001011	5	0,1,2,3	scattered	824	562	-24.7	-25.3	0	flush
1562630	86136	4	8	10000001	6	1,2,3	middle	1873	2683	-25.0	-26.0	1	flush
1563204	86360	4	8	00000001	7	0,1,2,3	head	0	2474	-24.0	-24.0	1	flush
1563857	86612	4	8	00000111	5	0,1,2,3	head	509	1172	-24.0	-26.7	2	flush
1563957	86650	4	8	11100000	5	3	tail	158	1826	-26.0	-27.3	1	flush
1564490	86856	4	8	00000001	7	0,1,2,3	head	0	281	-24.0	-26.0	1	flush
1568927	88540	4	8	11100000	5	3	tail	507	2504	-24.0	-25.3	1	flush
1573154	90142	4	8	11000001	5	2,3	middle	1925	1630	-26.7	-27.3	1	flush
1579680	92607	4	8	00000111	5	0,1,2,3	head	553	307	-26.7	-26.7	1	flush
1579953	92717	4	8	00001101	5	0,1,2,3	scattered	738	524	-25.3	-26.0	1	flush
1581956	93467	4	8	00000111	5	0,1,2,3	head	506	291	-24.7	-25.3	1	flush
1582101	93521	4	8	11000010	5	2,3	scattered	1544	1388	-26.0	-26.0	0	flush
1583702	94133	4	8	11000000	6	2,3	tail	206	2663	-33.0	-34.0	1	flush
1583953	94227	4	8	10100000	6	1,3	scattered	529	1812	-35.0	-34.0	1	flush
1585203	94708	4	8	01000011	5	0,2,3	scattered	1569	1622	-34.0	-33.3	1	flush
1588415	95921	4	8	11000001	5	2,3	middle	1483	1377	-34.0	-34.0	1	flush
1589130	96195	4	8	00000111	5	0,1,2,3	head	509	3893	-35.3	-36.0	1	flush
1589529	96345	4	8	11010000	5	2	scattered	764	1478	-46.0	-33.3	5	flush
1589776	96439	4	8	10000011	5	1,2,3	middle	2300	1845	-34.7	-32.7	1	flush
1590027	96537	4	8	11000001	5	2,3	middle	1975	1677	-34.0	-34.7	1	flush
1592455	97452	4	8	00000001	7	0,1,2,3	head	0	304	-34.0	-34.0	0	flush
1596752	99083	4	8	10000000	7	1,2,3	tail	0	2691	-34.0	-34.0	0	flush
1596773	99091	4	8	00000111	5	0,1,2,3	head	717	475	-34.0	-34.0	0	flush
1598148	99612	4	8	11100000	5	3	tail	2219	2070	-34.0	-34.0	1	flush
1603127	101492	4	8	00000001	7	0,1,2,3	head	0	299	-34.0	-34.0	1	flush
1603557	101655	4	8	10000000	7	1,2,3	tail	0	4497	-34.0	-34.0	0	flush
1608179	103408	4	8	11000000	6	2,3	tail	232	4382	-33.0	-35.0	1	flush
1608626	103580	4	8	00000001	7	0,1,2,3	head	0	301	-34.0	-32.0	0	flush
1609403	103875	4	8	00111000	5	0,1	head+tail	400	592	-35.3	-34.7	0	flush
1609851	104049	4	8	11100000	5	3	tail	3146	2392	-34.7	-34.0	0	flush
1612904	105208	4	8	11000000	6	2,3	tail	2694	2077	-35.0	-36.0	1	flush
1613123	105292	4	8	00000001	7	0,1,2,3	head	0	2415	-32.0	-34.0	1	flush
1614751	105917	4	8	00010000	7	0,1,2	head+tail	0	1861	-36.0	-34.0	2	flush
1630569	111913	4	8	00000001	7	0,1,2,3	head	0	284	-40.0	-38.0	1	flush
1642376	116373	4	8	00000011	6	0,1,2,3	head	281	302	-36.0	-40.0	3	flush
1642592	116455	4	8	10000000	7	1,2,3	tail	0	3805	-36.0	-38.0	1	flush
1642679	116489	4	8	11000000	6	2,3	tail	260	2853	-37.0	-38.0	2	flush
1643529	116816	4	8	11100000	5	3	tail	554	2370	-44.0	-43.3	0	flush
1644650	117245	4	8	10000011	5	1,2,3	middle	2073	1600	-42.0	-45.3	1	flush
1645802	117678	4	8	00000011	6	0,1,2,3	head	294	294	-43.0	-44.0	1	flush
1648200	118585	4	8	11100000	5	3	tail	521	2888	-40.0	-42.7	3	flush
1648223	118593	4	8	11000100	5	2,3	scattered	1186	1098	-44.0	-44.0	1	flush
1649272	118992	4	8	10010001	5	1,2	scattered	1870	1094	-42.0	-44.0	10	flush
1649605	119121	4	8	10000001	6	1,2,3	middle	4688	2471	-42.0	-43.0	9	flush
1649709	119160	4	8	00000110	6	0,1,2,3	head+tail	267	810	-42.0	-43.0	9	flush
1651475	119827	4	8	11000000	6	2,3	tail	1338	2487	-44.0	-43.0	1	flush
1653554	120618	4	8	11000001	5	2,3	middle	4041	3851	-41.3	-44.0	1	flush
1654976	121159	4	8	10000000	7	1,2,3	tail	0	2981	-40.0	-46.0	1	flush
1656276	121651	4	8	11100000	5	3	tail	430	4395	-42.0	-42.7	0	flush
1656951	121912	4	8	10000011	5	1,2,3	middle	4530	4259	-42.7	-43.3	1	flush
1657778	122223	4	8	11000000	6	2,3	tail	251	2673	-44.0	-43.0	1	flush
1657778	122224	4	8	00011000	6	0,1,2	head+tail	574	1667	-42.0	-43.0	1	flush
1660379	123205	4	8	11000001	5	2,3	middle	4480	4284	-42.7	-42.7	1	flush
1663078	124235	4	8	11000001	5	2,3	middle	4180	2141	-44.0	-43.3	0	flush
1663103	124245	4	8	00001101	5	0,1,2,3	scattered	780	532	-41.3	-42.7	0	flush
1664974	124967	4	8	01100001	5	0,3	scattered	1630	1383	-42.0	-44.0	0	flush
1668998	126503	4	8	11100000	5	3	tail	467	2342	-41.3	-44.0	1	flush
1671600	127489	4	8	10000001	6	1,2,3	middle	1875	1875	-42.0	-44.0	0	flush
1674350	128537	4	8	10000000	7	1,2,3	tail	0	2202	-40.0	-44.0	0	flush
1674576	128622	4	8	00000111	5	0,1,2,3	head	555	307	-42.0	-43.3	1	flush
1674719	128676	4	8	11000010	5	2,3	scattered	1668	1409	-42.0	-44.0	1	flush
1675220	128860	4	8	11000001	5	2,3	middle	6409	4635	-41.3	-42.7	0	flush
1675220	128861	4	8	00000101	6	0,1,2,3	scattered	496	496	-40.0	-44.0	0	flush
1682371	131560	4	8	10000011	5	1,2,3	middle	1757	1506	-41.3	-43.3	0	flush
1691799	135114	4	8	11000000	6	2,3	tail	86	1519	-41.0	-44.0	1	flush
1693024	135573	4	8	10100010	5	1,3	scattered	1559	1027	-41.3	-44.0	3	flush
1694729	136218	4	8	00000111	5	0,1,2,3	head	526	995	-42.7	-42.7	1	flush
1701753	138871	4	8	00001011	5	0,1,2,3	scattered	759	532	-42.0	-43.3	1	flush
