step,label,tx_per_s,rx_per_s,pre_fec_loss_pct,fec_rec_per_s,wfb_lost_per_s,rssi,quest_tx_per_s,air_c,quest_cpu_max_c,quest_status_max,quest_batt
0,p12m1b2f46,461.538,435.54,5.633,14.634,0.929,62.414,50.871,48.0,55.3,0.0,96.0
1,p12m2b2f46,458.254,419.651,8.424,21.628,2.442,63.517,50.465,48.0,55.1,0.0,96.0
2,p12m1b2f46,453.407,427.842,5.638,13.689,0.464,63.621,50.928,48.0,55.1,0.0,96.0
3,p12m4b4f46,755.036,600.929,20.41,52.381,56.214,63.724,50.871,47.0,55.0,0.0,96.0
4,p12m1b2f46,462.916,427.842,7.577,16.241,0.928,63.414,50.348,47.0,54.9,0.0,96.0
5,p12m2b4f48,977.039,896.524,8.241,45.075,3.013,63.069,50.753,47.0,55.1,0.0,96.0
6,p12m1b2f46,449.802,408.943,9.084,15.679,0.0,63.5,50.987,46.0,55.0,0.0,96.0
7,p12m3b4f46,731.667,569.186,22.207,45.465,53.721,63.964,50.349,46.0,54.8,0.0,96.0
8,p12m1b2f46,440.571,403.016,8.524,10.905,0.696,63.393,50.928,46.0,54.8,0.0,96.0
9,p12m4b8f46,1378.939,1116.338,19.044,65.353,103.244,64.0,50.869,46.0,54.9,0.0,96.0
10,p12m1b2f46,450.753,406.736,9.765,11.382,1.045,63.714,50.29,47.0,55.0,0.0,96.0
11,p12m4b4f816,954.956,750.29,21.432,68.99,15.563,64.0,50.987,47.0,54.9,0.0,96.0
12,p12m1b2f46,489.937,465.429,5.002,15.545,0.232,63.897,50.812,47.0,54.9,0.0,96.0
13,p12m2b4f46,742.665,683.856,7.919,31.359,11.614,63.966,50.987,46.0,54.9,0.0,96.0
14,p12m1b2f46,495.8,460.093,7.202,15.545,1.16,63.621,50.812,46.0,55.9,0.0,96.0
15,p12m4b4f48,990.254,814.385,17.76,60.557,29.93,64.0,50.928,46.0,55.0,0.0,96.0
16,p12m1b2f46,499.286,464.111,7.045,14.75,0.813,63.862,50.871,47.0,54.8,0.0,96.0
17,p12m4b4f48,994.211,818.699,17.653,60.976,32.288,64.0,50.987,47.0,55.1,0.0,96.0
18,p12m1b2f46,487.708,461.324,5.41,15.563,1.045,63.759,50.407,46.0,54.9,0.0,96.0
19,p12m4b8f46,1313.164,1081.765,17.621,67.015,114.17,64.0,50.871,46.0,56.0,0.0,96.0
20,p12m1b2f46,489.048,455.93,6.772,18.953,1.395,63.621,50.465,46.0,54.9,0.0,96.0
21,p12m2b4f46,741.111,681.977,7.979,40.0,6.977,64.0,50.93,46.0,54.9,0.0,96.0
22,p12m1b2f46,491.039,457.607,6.808,16.26,0.929,63.448,50.407,46.0,54.8,0.0,96.0
23,p12m4b4f816,980.824,806.496,17.774,79.582,11.253,64.0,50.812,46.0,55.8,0.0,96.0
24,p12m1b2f46,491.183,464.028,5.529,17.928,0.931,63.724,50.524,46.0,54.8,0.0,96.0
25,p12m2b2f46,486.36,449.477,7.583,21.835,1.858,63.966,50.871,46.0,54.8,0.0,96.0
26,p12m1b2f46,488.282,459.676,5.859,15.411,0.811,63.966,51.448,46.0,54.9,0.0,96.0
27,p12m3b4f46,745.282,592.915,20.444,44.948,61.208,64.0,50.987,46.0,54.8,0.0,96.0
28,p12m1b2f46,481.349,456.628,5.136,15.116,1.628,63.828,50.93,46.0,55.6,0.0,96.0
29,p12m4b4f46,750.0,625.581,16.589,40.814,47.907,64.0,51.047,47.0,54.8,0.0,96.0
30,p12m1b2f46,493.582,460.093,6.785,14.037,1.16,63.966,50.812,46.0,54.7,0.0,96.0
31,p12m2b4f48,984.006,904.867,8.043,44.728,3.129,64.0,50.869,47.0,55.2,0.0,96.0
32,p12m1b2f46,485.032,458.645,5.44,15.771,0.701,63.862,50.584,46.0,54.9,0.0,96.0
