step,label,tx_per_s,rx_per_s,pre_fec_loss_pct,fec_rec_per_s,wfb_lost_per_s,rssi,rssi_a,rssi_b,snr_a_db,snr_b_db,quest_tx_per_s,air_c,quest_cpu_max_c,quest_status_max,quest_batt,data_loss_pct,rx_crc_per_s,usb_empties_per_s,usb_dropped_per_s,usb_min_armed,usb_cb_max_us,usb_completions_per_s,rx_icv_per_s
0,m7b25f46,,3429.071,,59.763,11.502,73.728,59.012,54.834,19.0,19.497,,,,,,3.03,,,,,,,
1,m7b30f46,,3641.525,,242.0,23.802,73.03,59.0,54.946,19.0,19.5,,,,,,13.435,,,,,,,
2,m7b25f810,,2831.186,,52.292,15.198,73.0,59.0,55.0,19.0,19.5,,,,,,2.886,,,,,,,
3,m7b30f810,,3399.3,,64.728,17.276,73.023,59.0,55.0,19.006,19.5,,,,,,2.926,,,,,,,
4,m12b25f46,,3391.663,,59.703,16.891,69.113,55.357,51.565,18.5,19.0,,,,,,3.276,,,,,,,
5,m12b30f46,,4053.498,,72.253,22.846,69.0,55.0,51.03,18.548,19.018,,,,,,3.389,,,,,,,
6,m12b35f46,,4119.824,,233.588,39.078,69.0,55.0,51.0,18.932,19.338,,,,,,15.91,,,,,,,
7,m13b35f46,,4718.913,,78.399,48.597,69.0,55.0,51.592,18.506,19.0,,,,,,3.885,,,,,,,
8,m13b40f46,,4833.55,,200.572,62.426,69.0,55.0,51.26,18.5,19.0,,,,,,13.609,,,,,,,
