step,label,tx_per_s,rx_per_s,pre_fec_loss_pct,fec_rec_per_s,wfb_lost_per_s,rssi,air_c,quest_cpu_max_c,quest_status_max,quest_batt
0,p17m2b8,1176.066,1100.462,6.429,43.764,4.388,68.517,54.0,68.9,0.0,96.0
1,p12m2b8,1175.707,1049.395,10.743,66.337,32.233,63.968,54.0,68.9,0.0,96.0
2,p17m2b8,1179.493,1100.811,6.671,37.428,12.051,68.276,55.0,68.9,0.0,96.0
3,p8m2b8,1178.12,722.366,38.685,79.677,217.312,54.968,55.0,68.9,0.0,96.0
4,p17m2b8,1176.935,1101.27,6.429,38.568,6.697,68.793,55.0,68.9,0.0,96.0
5,p5m2b8,1174.815,629.14,46.448,71.488,270.021,50.903,54.0,68.9,0.0,96.0
6,p17m2b8,1177.251,1098.499,6.69,42.263,10.162,68.655,54.0,68.9,0.0,96.0
7,p12m2b8,1181.394,1043.929,11.636,57.947,22.406,63.933,54.0,68.9,0.0,96.0
8,p17m2b8,1179.842,1097.341,6.993,44.046,8.786,68.897,54.0,68.9,0.0,96.0
9,p8m2b8,1171.955,637.849,45.574,70.753,286.022,54.258,55.0,68.9,0.0,96.0
10,p17m2b8,1176.527,1100.116,6.495,39.837,12.892,68.828,55.0,68.9,0.0,96.0
11,p5m2b8,1177.185,631.474,46.357,66.105,304.421,50.688,54.0,68.9,0.0,96.0
12,p17m2b8,1178.016,1070.233,9.15,37.907,6.628,68.786,54.0,68.9,0.0,96.0
