step,label,frames,fps,pkt_per_frame,spread_ms,first_ms,last_ms,last_p95_ms,decoded_ms
0,m2b8,771,90.522,8.558,7.817,-4.458,3.359,7.822,5.695
1,m3b12,770,90.382,12.644,9.461,-3.778,5.682,12.371,8.254
2,m2b8,772,90.6,8.504,7.767,-4.363,3.403,7.759,5.715
3,m4b16,772,90.543,16.874,9.283,-4.285,4.997,8.338,7.471
4,m2b8,770,90.514,8.542,7.829,-4.5,3.328,7.825,5.625
5,m4b12,771,90.521,12.722,6.911,-4.904,2.007,5.917,4.483
6,m2b8,773,90.571,8.621,7.874,-4.352,3.521,8.075,5.849
7,m3b12,772,90.519,12.672,9.51,-3.551,5.959,11.746,8.462
8,m2b8,771,90.523,8.649,7.842,-4.339,3.502,7.565,5.799
9,m4b16,772,90.522,16.794,9.288,-4.371,4.917,8.289,7.471
10,m2b8,725,90.562,8.622,7.854,-4.536,3.318,7.391,5.604
