round,config,applied,decode_ms,frames
0,h264 1080p c2.qti.avc.decoder,OR@c2.qti.avc.decoder:,3.223,480
0,h265 540p c2.qti.hevc.decoder,OR@c2.qti.hevc.decoder:,2.517,673
0,h264 720p c2.qti.avc.decoder,OR@c2.qti.avc.decoder:,2.724,480
0,h264 540p c2.qti.avc.decoder,OR@c2.qti.avc.decoder:,2.489,480
0,h264 1080p default,OR@default,2.495,673
0,h265 720p default,OR@default,1.946,667
0,h265 540p default,OR@default,1.567,670
0,h264 540p default,OR@default,1.434,671
0,h265 1080p default,OR@default,2.535,672
0,h265 720p c2.qti.hevc.decoder,OR@c2.qti.hevc.decoder:,2.931,673
0,h265 1080p c2.qti.hevc.decoder,OR@c2.qti.hevc.decoder:,3.547,673
0,h264 720p default,OR@default,1.756,670
1,h265 1080p c2.qti.hevc.decoder,OR@c2.qti.hevc.decoder:,3.526,674
1,h264 540p c2.qti.avc.decoder,OR@c2.qti.avc.decoder:,2.482,480
1,h264 720p default,OR@default,1.763,671
1,h264 540p default,OR@default,1.434,671
1,h265 540p c2.qti.hevc.decoder,OR@c2.qti.hevc.decoder:,2.485,671
1,h264 1080p default,OR@default,2.391,673
1,h265 720p default,OR@default,1.997,673
1,h264 1080p c2.qti.avc.decoder,OR@c2.qti.avc.decoder:,3.279,480
1,h265 720p c2.qti.hevc.decoder,OR@c2.qti.hevc.decoder:,2.98,672
1,h264 720p c2.qti.avc.decoder,OR@c2.qti.avc.decoder:,2.701,480
1,h265 1080p default,OR@default,2.815,675
1,h265 540p default,OR@default,1.585,670
2,h265 540p default,OR@default,1.608,673
2,h264 720p default,OR@default,1.808,672
2,h264 1080p c2.qti.avc.decoder,OR@c2.qti.avc.decoder:,3.465,480
2,h265 720p default,OR@default,2.055,673
2,h265 1080p default,OR@default,2.587,672
2,h265 720p c2.qti.hevc.decoder,OR@c2.qti.hevc.decoder:,3.248,672
2,h264 1080p default,OR@default,2.181,667
2,h264 540p default,OR@default,1.679,674
2,h265 1080p c2.qti.hevc.decoder,OR@c2.qti.hevc.decoder:,3.754,670
2,h264 720p c2.qti.avc.decoder,OR@c2.qti.avc.decoder:,3.047,480
2,h265 540p c2.qti.hevc.decoder,OR@c2.qti.hevc.decoder:,2.743,673
2,h264 540p c2.qti.avc.decoder,OR@c2.qti.avc.decoder:,2.713,480
