step,label,frames,fps,pkt_per_frame,spread_ms,first_ms,last_ms,last_p95_ms,decoded_ms,lost,lost_per_s,lost_pct,undecoded
0,m2b4f46,1666,90.459,4.565,3.562,-1.785,1.777,7.314,4.17,4,0.217,0.053,0
1,m7b25f46,1667,90.44,25.406,10.188,10.095,20.282,52.501,23.897,765,41.486,1.775,49
2,m4b4f46,1663,90.408,4.565,1.997,-2.111,-0.114,3.341,2.335,44,2.39,0.576,2
3,m7b16f46,1668,90.462,16.655,6.651,-2.065,4.586,9.226,7.607,476,25.799,1.684,15
4,m2b4f46,1665,90.405,4.485,3.652,-1.729,1.922,9.666,4.301,23,1.249,0.307,3
5,m2b8f46,1666,90.532,8.559,7.878,-1.361,6.516,11.028,8.837,38,2.063,0.266,3
6,m7b8f48,1667,90.458,8.518,4.378,-2.213,2.165,8.918,4.535,81,4.393,0.567,3
7,m4b16f46,1667,90.458,16.565,9.437,1.642,11.079,28.811,14.011,346,18.764,1.238,18
8,m2b4f46,1666,90.459,4.385,3.705,-1.696,2.009,9.672,4.393,3,0.163,0.041,0
9,m2b4f48,1666,90.568,4.384,4.575,-1.417,3.157,10.349,5.564,0,0.0,0.0,0
10,m7b25f45,1667,90.487,25.242,8.566,-1.514,7.051,11.071,11.152,1112,60.304,2.573,65
11,m4b8f48,1666,90.459,8.534,6.002,-1.92,4.082,9.147,6.406,39,2.116,0.273,2
12,m2b4f46,1666,90.471,4.397,3.552,-1.677,1.874,9.307,4.271,2,0.109,0.027,0
13,m7b16f48,1667,90.507,16.653,8.652,-1.61,7.041,10.374,9.666,186,10.087,0.665,5
14,m4b8f46,1666,90.459,8.47,4.618,-2.032,2.586,9.217,4.962,93,5.046,0.655,1
15,m7b4f46,1665,90.459,4.315,1.62,-2.09,-0.47,8.936,2.007,72,3.909,0.992,4
16,m2b4f46,1661,90.459,4.601,3.648,-1.598,2.05,9.735,4.483,20,1.088,0.261,1
