t_mono_ms	rtp_prev	rtp_next	gap	slots_lost	session	class	air_drop
211247649	58670	58675	4	4	0	post_fec	N
211254856	4110	4115	4	4	0	post_fec	N
211254885	4155	4159	3	3	0	post_fec	N
211263345	17046	17051	4	4	0	post_fec	N
211268473	24835	24839	3	3	0	post_fec	N
211275026	34806	34811	4	4	0	post_fec	N
211275298	35244	35247	2	2	0	post_fec	N
211276002	36338	36343	4	4	0	post_fec	N
211278626	40342	40347	4	4	0	post_fec	N
211282751	46575	46579	3	3	0	post_fec	N
211282760	46593	46595	1	1	0	post_fec	N
211283267	47401	47403	1	1	0	post_fec	N
211289578	57046	57051	4	4	0	post_fec	N
211289626	57118	57121	2	2	0	post_fec	N
211291226	59521	59523	1	1	0	post_fec	N
211293324	62734	62739	4	4	0	post_fec	N
211295298	213	215	1	1	0	post_fec	N
211299773	7038	7043	4	4	0	post_fec	N
211299821	7107	7111	3	3	0	post_fec	N
211303247	12353	12355	1	1	0	post_fec	N
211303272	12391	12394	2	2	0	post_fec	N
211303822	13265	13267	1	1	0	post_fec	N
211323364	25650	25653	2	0	0	pre_fec	Y
211323604	26108	26113	4	4	0	post_fec	Y
211330151	31589	31593	3	3	0	post_fec	N
211338050	39698	39701	2	2	0	post_fec	N
211338569	40498	40501	2	2	0	post_fec	N
211341399	44833	44837	3	3	0	post_fec	N
211342623	46796	46801	4	4	0	post_fec	N
211342971	47289	47291	1	1	0	post_fec	N
211342971	47291	47293	1	1	0	post_fec	N
211343374	47924	47926	1	0	0	pre_fec	Y
211343374	47926	47931	4	0	0	pre_fec	Y
211343375	47931	47934	2	0	0	pre_fec	Y
211343422	48021	48025	3	0	0	pre_fec	Y
211344405	49396	49405	8	0	0	pre_fec	N
211344405	49405	49456	50	0	0	pre_fec	N
211344431	49501	49520	18	0	0	pre_fec	N
211344431	49520	49523	2	0	0	pre_fec	N
211344448	49554	49560	5	0	0	pre_fec	N
211344546	49736	49738	1	1	0	post_fec	N
211345509	50301	51131	829	0	1	unknown	N
211346404	52301	52307	5	0	0	pre_fec	Y
211346405	52307	52312	4	0	0	pre_fec	Y
211346406	52312	52318	5	0	0	pre_fec	Y
211346406	52318	52330	11	0	0	pre_fec	Y
211346425	52363	52389	25	0	0	pre_fec	Y
211347379	53726	53746	19	0	0	pre_fec	Y
211349381	56513	56531	17	0	0	pre_fec	Y
211349432	56626	56630	3	0	0	pre_fec	Y
211353721	62794	62796	1	1	0	post_fec	Y
211353739	62833	62855	21	0	0	pre_fec	Y
211353740	62855	62857	1	0	0	pre_fec	Y
211353796	62955	62961	5	0	0	pre_fec	Y
211354836	64408	64417	8	0	0	pre_fec	Y
211357724	3075	3079	3	3	0	post_fec	N
211357822	3254	3259	4	4	0	post_fec	N
211358277	3931	3935	3	3	0	post_fec	N
211363826	11960	11968	7	0	0	pre_fec	Y
211365166	13915	13917	1	0	0	pre_fec	Y
211365272	14103	14107	3	3	0	post_fec	Y
211365488	14442	14445	2	2	0	post_fec	Y
211365724	14814	14819	4	4	0	post_fec	N
211368199	18482	18487	4	4	0	post_fec	N
211370350	21754	21759	4	4	0	post_fec	N
211371500	23426	23431	4	4	0	post_fec	N
211374145	27341	27343	1	1	0	post_fec	N
211374590	28036	28053	16	0	0	pre_fec	N
211374872	28506	28511	4	4	0	post_fec	Y
211380767	37221	37223	1	1	0	post_fec	Y
211381203	37878	37883	4	4	0	post_fec	Y
211381382	38110	38151	40	0	0	pre_fec	Y
211382917	40358	40363	4	4	0	post_fec	N
211384548	42837	42839	1	1	0	post_fec	N
211386170	45276	45278	1	0	0	pre_fec	Y
211388197	48383	48388	4	4	0	post_fec	N
211388781	49273	49284	10	0	0	pre_fec	Y
211390846	52231	52234	2	2	0	post_fec	N
211392046	53977	53982	4	4	0	post_fec	N
211394122	57107	57114	6	6	0	post_fec	N
211395416	59107	59110	2	2	0	post_fec	N
211395898	59829	59831	1	1	0	post_fec	N
211395898	59832	59834	1	1	0	post_fec	N
211397645	62327	62330	2	2	0	post_fec	N
211399751	65455	65459	3	0	0	pre_fec	Y
211401799	2948	2953	4	4	0	post_fec	N
211404073	6320	6325	4	4	0	post_fec	N
211404816	7391	7393	1	1	0	post_fec	N
211405354	7401	8207	805	0	1	unknown	N
211408845	13429	13431	1	1	0	post_fec	N
211410423	15793	15795	1	1	0	post_fec	N
211411898	17902	17907	4	4	0	post_fec	N
211414425	21683	21691	7	7	0	post_fec	N
211422592	33726	33731	4	4	0	post_fec	N
211423616	35249	35251	1	1	0	post_fec	N
211424417	36464	36467	2	2	0	post_fec	N
211428993	43168	43171	2	2	0	post_fec	N
211436968	55293	55295	1	1	0	post_fec	N
211437636	56282	56284	1	1	0	post_fec	N
211437636	56285	56287	1	1	0	post_fec	N
211437681	56356	56359	2	2	0	post_fec	N
211437947	56776	56779	2	2	0	post_fec	N
211443527	64936	64943	6	6	0	post_fec	N
211444729	1166	1168	1	1	0	post_fec	N
211444729	1168	1171	2	2	0	post_fec	N
211445623	2498	2503	4	4	0	post_fec	N
211446196	3346	3351	4	4	0	post_fec	N
211446210	3368	3371	2	2	0	post_fec	N
211457722	20672	20675	2	2	0	post_fec	N
211457874	20894	20899	4	4	0	post_fec	N
211460820	25310	25315	4	4	0	post_fec	N
211465387	31371	32167	795	0	1	unknown	N
211467872	35807	35811	3	3	0	post_fec	N
211468920	37470	37475	4	4	0	post_fec	N
211469296	38046	38051	4	4	0	post_fec	N
211470012	39166	39168	1	1	0	post_fec	N
211470012	39168	39171	2	2	0	post_fec	N
211476198	48378	48383	4	4	0	post_fec	N
211476594	49012	49015	2	2	0	post_fec	Y
211477084	49774	49776	1	0	0	pre_fec	Y
211477084	49776	49781	4	0	0	pre_fec	Y
211477084	49781	49795	13	0	0	pre_fec	Y
211477088	49796	49801	4	4	0	post_fec	Y
211478890	52415	52417	1	1	0	post_fec	N
211478976	52565	52569	3	3	0	post_fec	N
211487769	65508	65513	4	4	0	post_fec	N
211489894	3217	3221	3	3	0	post_fec	N
211490721	4486	4489	2	2	0	post_fec	N
211491671	5913	5917	3	3	0	post_fec	N
211494721	10462	10465	2	2	0	post_fec	N
211496110	12503	12521	17	0	0	pre_fec	Y
211497070	13913	13918	4	4	0	post_fec	N
211498897	16705	16710	4	4	0	post_fec	N
211500645	19215	19225	9	0	0	pre_fec	Y
211503853	23896	23908	11	0	0	pre_fec	Y
211503853	23908	23915	6	0	0	pre_fec	Y
211503874	23950	23953	2	0	0	pre_fec	Y
211503875	23953	23979	25	0	0	pre_fec	Y
211507192	28845	28847	1	0	0	pre_fec	Y
211508416	30688	30692	3	3	0	post_fec	N
211508789	31243	31245	1	1	0	post_fec	N
211509895	32852	32856	3	3	0	post_fec	Y
211510178	33253	33257	3	0	0	pre_fec	Y
211510178	33257	33264	6	0	0	pre_fec	Y
211516168	42243	42245	1	1	0	post_fec	N
211521022	49594	49597	2	2	0	post_fec	Y
211521209	49818	49821	2	0	0	pre_fec	Y
211521209	49821	49828	6	0	0	pre_fec	Y
211521210	49828	49834	5	0	0	pre_fec	Y
211521224	49859	49894	34	0	0	pre_fec	Y
211521263	49959	49964	4	4	0	post_fec	Y
211521520	50372	50376	3	3	0	post_fec	N
211521576	50455	50460	4	4	0	post_fec	N
211522597	51962	51964	1	1	0	post_fec	N
211524471	54717	54735	17	0	0	pre_fec	N
211524472	54735	54739	3	0	0	pre_fec	N
211524822	55263	55268	4	4	0	post_fec	N
211525428	55376	56162	785	0	1	unknown	N
211526562	57739	57742	2	2	0	post_fec	N
211530020	62860	62862	1	1	0	post_fec	N
211535193	4961	4966	4	4	0	post_fec	N
211536271	6618	6622	3	3	0	post_fec	N
211541821	14789	14794	4	4	0	post_fec	N
211544014	18135	18138	2	2	0	post_fec	N
211544020	18141	18146	4	4	0	post_fec	N
211546873	22455	22462	6	6	0	post_fec	N
211548745	25228	25230	1	1	0	post_fec	N
211551070	28619	28622	2	2	0	post_fec	N
211551542	29320	29322	1	1	0	post_fec	N
211555643	35429	35434	4	4	0	post_fec	N
211560070	42040	42042	1	1	0	post_fec	N
211561793	44573	44578	4	4	0	post_fec	N
211565265	49769	49774	4	4	0	post_fec	N
211566017	50896	50898	1	1	0	post_fec	N
211573538	62168	62170	1	1	0	post_fec	N
211575195	64641	64646	4	4	0	post_fec	N
211580794	7274	7278	3	3	0	post_fec	N
211581767	8805	8810	4	4	0	post_fec	N
211582767	10299	10302	2	2	0	post_fec	N
211583271	11072	11074	1	1	0	post_fec	N
211585136	12652	12782	129	0	1	unknown	N
211591320	10665	10667	1	0	0	pre_fec	Y
