quest_epoch,thermal_status,cpu_max_c,soc_c,batt_c,batt_level,charging
1790586803.683541074,0,54.7,50.4,36.2,77,1
1790586808.880852321,0,54.3,50.3,36.2,77,1
1790586814.047337367,0,54.1,50.2,36.2,77,1
1790586819.295860233,0,54.0,50.1,36.2,77,1
1790586824.487908615,0,54.0,50.1,36.2,77,1
1790586829.667743923,0,54.0,50.0,36.2,77,1
1790586834.932339083,0,53.8,50.0,36.2,77,1
1790586840.114844859,0,53.8,50.0,36.2,77,1
1790586845.454857527,0,53.7,50.0,36.2,77,1
1790586850.747870033,0,53.9,50.0,36.2,77,1
1790586855.938453258,0,53.9,50.0,36.2,77,1
1790586861.177196905,0,54.5,50.1,36.2,77,1
1790586866.367623724,0,54.7,50.1,36.2,77,1
1790586871.597919298,0,54.2,50.1,36.2,77,1
1790586876.782418981,0,54.2,50.1,36.2,77,1
1790586881.958589653,0,54.2,50.1,36.2,77,1
1790586887.133143293,0,54.2,50.1,36.2,77,1
1790586892.307901621,0,54.9,50.2,36.2,77,1
1790586897.508843702,0,54.6,50.2,36.2,77,1
1790586902.731564899,0,54.3,50.1,36.2,77,1
1790586907.978981099,0,54.3,50.2,36.2,77,1
1790586913.176547085,0,54.3,50.1,36.2,77,1
1790586918.430703078,0,54.0,50.1,36.2,77,1
1790586923.619164740,0,54.9,50.2,36.2,77,1
1790586928.792756766,0,54.2,50.2,36.2,77,1
1790586933.985212648,0,54.1,50.1,36.2,77,1
1790586939.257538121,0,54.0,50.1,36.2,77,1
1790586944.446063742,0,54.0,50.1,36.2,77,1
1790586949.618937591,0,54.0,50.0,36.2,77,1
1790586954.804988472,0,53.9,50.0,36.2,77,1
1790586960.014760189,0,54.9,50.2,36.2,77,1
1790586965.306754622,0,54.1,50.1,36.2,77,1
1790586970.534620351,0,54.0,50.1,36.2,77,1
1790586975.748143267,0,54.0,50.3,36.2,77,1
1790586980.939545503,0,54.0,50.2,36.2,77,1
1790586986.187470713,0,54.1,50.1,36.2,77,1
1790586991.367461854,0,54.3,50.1,36.2,77,1
1790586996.549761953,0,54.2,50.1,36.2,77,1
1790587001.771304817,0,54.2,50.1,36.2,77,1
1790587006.949574969,0,54.1,50.1,36.2,77,1
1790587012.125728245,0,54.1,50.1,36.2,77,1
1790587017.312547563,0,54.8,50.2,36.2,77,1
1790587022.506180320,0,54.6,50.2,36.2,77,1
1790587027.758368656,0,54.3,50.2,36.2,77,1
1790587032.941500579,0,54.3,50.2,36.2,77,1
1790587038.124495210,0,54.2,50.1,36.2,77,1
1790587043.364401461,0,54.2,50.1,36.2,77,1
1790587048.570006875,0,54.6,50.2,36.2,77,1
1790587053.805811563,0,61.8,51.4,36.2,77,1
1790587058.984600777,0,55.5,51.0,36.2,77,1
