epoch,rtp,decoded,wfb_rx,wfb_lost,rssi
1790613220,,,,,
1790613221,,,0.0,0.0,0.0
1790613222,,,0,0,
1790613223,,,0,0,
1790613224,841,,1032.0,0.0,76.0
1790613225,2272,,3973.0,53.0,76.0
1790613226,2289,66,2971.0,52.0,76.0
1790613227,2273,79,2933.0,63.0,76.0
1790613228,2285,73,4002.0,56.0,76.0
1790613229,2276,74,2953.0,64.0,76.0
1790613230,2308,77,2982.0,46.0,76.0
1790613231,2245,74,3924.0,72.0,76.0
1790613232,2307,77,2984.0,50.0,76.0
1790613233,2291,74,2959.0,37.0,76.0
1790613234,2277,73,3961.0,58.0,76.0
1790613235,2282,72,2983.0,51.0,76.0
1790613236,2296,74,3015.0,49.0,76.0
1790613237,2273,74,3925.0,72.0,76.0
1790613238,2330,79,3023.0,27.0,76.0
1790613239,2284,76,2963.0,33.0,76.0
1790613240,2280,76,3954.0,66.0,76.0
1790613241,2293,75,2946.0,39.0,76.0
1790613242,2300,75,3003.0,42.0,76.0
1790613243,2279,74,3978.0,47.0,76.0
1790613244,2300,78,3009.0,49.0,76.0
1790613245,2249,74,2995.0,41.0,76.0
1790613246,2316,75,3969.0,68.0,76.0
1790613247,2259,72,2939.0,41.0,76.0
1790613248,2301,79,2985.0,38.0,76.0
1790613249,2258,73,3898.0,86.0,76.0
1790613250,1024,32,1025.0,21.0,76.0
1790613251,,,0.0,0.0,0.0
1790613252,,,0,0,
1790613253,,,0,0,
1790613254,608,,979.0,3.0,76.0
1790613255,2231,,3969.0,70.0,76.0
1790613256,2388,85,3040.0,28.0,75.67
1790613257,2305,84,3029.0,7.0,76.0
1790613258,2327,80,4039.0,36.0,76.0
1790613259,2306,83,3032.0,12.0,76.0
1790613260,2329,86,3086.0,23.0,76.0
1790613261,2308,81,4052.0,27.0,76.0
1790613262,2303,79,3040.0,31.0,76.0
1790613263,2309,81,2974.0,32.0,76.0
1790613264,2310,81,4050.0,26.0,76.0
1790613265,2307,82,3002.0,21.0,76.0
1790613266,2326,89,3085.0,10.0,76.0
1790613267,2317,84,4027.0,20.0,76.0
1790613268,2312,83,3009.0,28.0,76.0
1790613269,2304,82,3003.0,25.0,76.0
1790613270,2310,84,4088.0,17.0,76.0
1790613271,2335,88,3050.0,5.0,76.0
1790613272,2330,86,3066.0,10.0,76.0
1790613273,2332,84,4056.0,12.0,76.0
1790613274,2320,87,3066.0,4.0,76.0
1790613275,2320,79,3013.0,29.0,76.0
1790613276,2311,84,4091.0,17.0,76.0
1790613277,2315,80,2992.0,28.0,76.0
1790613278,2315,84,3066.0,20.0,76.0
1790613279,2315,81,4045.0,28.0,76.0
1790613280,2323,86,3030.0,14.0,76.0
1790613281,549,21,1006.0,6.0,76.0
1790613282,,,0.0,0.0,0.0
1790613283,,,0,0,
1790613284,,,0,0,
1790613285,316,,0,0,
1790613286,2300,,3083.0,14.0,76.0
1790613287,2303,14,3971.0,52.0,76.0
1790613288,2306,81,3050.0,25.0,76.0
1790613289,2310,81,2995.0,32.0,76.0
1790613290,2306,84,4040.0,19.0,76.0
1790613291,2327,86,3004.0,18.0,76.0
1790613292,2318,88,3079.0,3.0,76.0
1790613293,2325,83,4050.0,24.0,76.0
1790613294,2308,82,3018.0,20.0,76.0
1790613295,2317,76,2984.0,31.0,76.0
1790613296,2289,81,4041.0,39.0,76.0
1790613297,2338,88,3008.0,10.0,76.0
1790613298,2322,87,3084.0,6.0,76.0
1790613299,2335,87,4093.0,7.0,76.0
1790613300,2316,84,3016.0,13.0,76.0
1790613301,2329,86,3009.0,16.0,76.0
1790613302,2327,85,4115.0,12.0,76.0
1790613303,2334,85,3058.0,8.0,76.0
1790613304,2310,86,3061.0,8.0,76.0
1790613305,2336,81,4091.0,23.0,76.0
1790613306,2303,82,3028.0,16.0,76.0
1790613307,2320,83,3038.0,21.0,76.0
1790613308,2295,84,4029.0,35.0,76.0
1790613309,2334,86,3048.0,14.0,76.0
1790613310,2325,86,3045.0,5.0,76.0
1790613311,2245,76,4073.0,17.0,76.0
1790613312,,,,,
1790613313,,,0.0,0.0,0.0
1790613314,,,0,0,
1790613315,,,0,0,
1790613316,52,,0,0,
1790613317,2300,22,2944.0,40.0,76.0
1790613318,2301,79,3012.0,40.0,76.0
1790613319,2302,73,4031.0,48.0,76.0
1790613320,2301,81,2993.0,25.0,76.0
1790613321,2288,73,2960.0,49.0,76.0
1790613322,2254,71,3896.0,85.0,76.0
1790613323,2302,75,3010.0,44.0,76.0
1790613324,2280,78,2933.0,47.0,76.0
1790613325,2274,71,3953.0,62.0,76.0
1790613326,2293,79,2983.0,30.0,76.0
1790613327,2280,74,2951.0,50.0,76.0
1790613328,2246,73,3833.0,125.0,76.0
1790613329,2301,81,2992.0,45.0,76.0
1790613330,2263,76,2966.0,46.0,76.0
1790613331,2319,77,3981.0,50.0,76.0
1790613332,2252,71,2934.0,48.0,76.0
1790613333,2289,73,2967.0,62.0,76.0
1790613334,2285,79,3982.0,41.0,76.0
1790613335,2328,79,3044.0,26.0,76.0
1790613336,2289,80,2978.0,39.0,76.0
1790613337,2282,69,3939.0,75.0,76.0
1790613338,2280,76,2958.0,52.0,76.0
1790613339,2290,73,2957.0,57.0,76.0
1790613340,2290,73,4000.0,43.0,76.0
1790613341,2294,76,2996.0,52.0,76.0
1790613342,1611,54,1980.0,14.0,76.0
1790613343,,,,,
1790613344,,,0.0,0.0,0.0
1790613345,,,0,0,
1790613346,,,0,0,
1790613347,2102,32,2988.0,44.0,76.0
1790613348,2296,77,2914.0,49.0,76.0
1790613349,2302,77,2996.0,29.0,76.0
1790613350,2275,73,3974.0,52.0,76.0
1790613351,2292,74,2968.0,57.0,76.0
1790613352,2283,74,2967.0,38.0,76.0
1790613353,2270,71,3909.0,75.0,76.0
1790613354,2293,80,2932.0,52.0,76.0
1790613355,2284,69,2997.0,36.0,76.0
1790613356,2263,77,3905.0,85.0,76.0
1790613357,2319,75,3025.0,29.0,76.0
1790613358,2265,76,2959.0,47.0,76.0
1790613359,2289,75,3952.0,56.0,76.0
1790613360,2278,77,2967.0,44.0,76.0
1790613361,2306,75,2974.0,53.0,76.0
1790613362,2277,74,3979.0,55.0,76.0
1790613363,2305,79,2990.0,47.0,76.0
1790613364,2252,75,2924.0,55.0,76.0
1790613365,2297,75,3992.0,56.0,76.0
1790613366,2307,78,2995.0,32.0,76.0
1790613367,2301,76,3013.0,28.0,76.0
1790613368,2280,78,3935.0,63.0,76.0
1790613369,2290,72,2936.0,55.0,76.0
1790613370,2289,81,2966.0,33.0,76.0
1790613371,2306,76,4016.0,51.0,76.0
1790613372,2280,73,2943.0,42.0,76.0
1790613373,659,24,1009.0,11.0,76.0
1790613374,,,0.0,0.0,0.0
1790613375,,,0,0,
1790613376,,,0,0,
1790613377,1861,49,2840.0,4.0,76.0
1790613378,2307,85,3018.0,15.0,76.0
1790613379,2308,75,3018.0,47.0,76.0
1790613380,2285,80,4034.0,37.0,76.0
1790613381,2329,83,3082.0,13.0,76.0
1790613382,2297,82,3025.0,19.0,76.0
1790613383,2325,83,4053.0,31.0,76.0
1790613384,2300,83,3005.0,18.0,76.0
1790613385,2283,72,2929.0,76.0,76.0
1790613386,2275,79,3967.0,50.0,76.0
1790613387,2330,86,3047.0,14.0,76.0
1790613388,2306,83,3064.0,10.0,76.0
1790613389,2331,82,4052.0,19.0,76.0
1790613390,2312,87,3035.0,14.0,76.0
1790613391,2335,84,3052.0,11.0,76.0
1790613392,2307,87,4055.0,11.0,76.0
1790613393,2341,84,3067.0,12.0,76.0
1790613394,2285,80,3051.0,17.0,76.0
1790613395,2347,88,4073.0,16.0,76.0
1790613396,2318,85,3028.0,15.0,76.0
1790613397,2313,82,3082.0,10.0,76.0
1790613398,2304,82,4025.0,32.0,76.0
1790613399,2327,83,3039.0,14.0,76.0
1790613400,2303,84,2982.0,22.0,76.0
1790613401,2337,84,4098.0,18.0,76.0
1790613402,2287,83,3001.0,25.0,76.0
1790613403,2340,84,3069.0,13.0,76.0
1790613404,275,9,1025.0,7.0,76.0
1790613405,,,0.0,0.0,0.0
1790613406,,,0,0,
1790613407,,,0,0,
1790613408,1592,,2008.0,4.0,76.0
1790613409,2302,56,3033.0,10.0,76.0
1790613410,2299,80,4030.0,29.0,76.0
1790613411,2292,82,3013.0,12.0,76.0
1790613412,2313,82,2955.0,31.0,76.0
1790613413,2316,82,4009.0,26.0,76.0
1790613414,2315,84,3018.0,12.0,76.0
1790613415,2314,85,3044.0,16.0,75.67
1790613416,2332,85,4023.0,9.0,76.0
1790613417,2301,77,2966.0,29.0,76.0
1790613418,2302,81,3064.0,23.0,76.0
1790613419,2313,79,4005.0,32.0,76.0
1790613420,2328,86,3045.0,11.0,76.0
1790613421,2327,83,2981.0,10.0,76.0
1790613422,2304,84,3985.0,16.0,76.0
1790613423,2329,81,3015.0,26.0,76.0
1790613424,2302,83,2977.0,13.0,76.0
1790613425,2337,84,3984.0,17.0,76.0
1790613426,2347,89,3061.0,5.0,76.0
1790613427,2306,81,3017.0,13.0,76.0
1790613428,2298,84,3940.0,31.0,76.0
1790613429,2338,85,2949.0,19.0,76.0
1790613430,2336,87,3031.0,10.0,76.0
1790613431,2327,87,4111.0,11.0,76.0
1790613432,2335,89,3065.0,0.0,76.0
1790613433,2267,75,2956.0,53.0,76.0
1790613434,2093,70,2906.0,56.0,76.0
1790613435,,,,,
1790613436,,,0.0,0.0,0.0
1790613437,,,0,0,
1790613438,,,0,0,
1790613439,1303,,1982.0,18.0,76.0
1790613440,2279,,3939.0,64.0,76.0
1790613441,2320,62,2972.0,32.0,76.0
1790613442,2252,73,2927.0,31.0,76.0
1790613443,2321,71,3898.0,65.0,76.0
1790613444,2276,75,2984.0,51.0,76.0
1790613445,2233,67,2866.0,104.0,76.0
1790613446,2298,80,3952.0,39.0,76.0
1790613447,2311,77,2986.0,38.0,76.0
1790613448,2281,79,2954.0,35.0,76.0
1790613449,2314,79,3940.0,48.0,76.0
1790613450,2338,82,3004.0,22.0,76.0
1790613451,2384,81,3112.0,48.0,76.0
1790613452,2290,78,4016.0,35.0,76.0
1790613453,2328,77,3036.0,31.0,76.0
1790613454,2280,78,2962.0,36.0,76.0
1790613455,2297,79,4011.0,45.0,76.0
1790613456,2302,81,3000.0,20.0,76.0
1790613457,2326,81,3030.0,26.0,76.0
1790613458,2288,78,3967.0,42.0,76.0
1790613459,2325,76,2983.0,39.0,76.0
1790613460,2277,81,2979.0,37.0,76.0
1790613461,2305,77,4023.0,42.0,76.0
1790613462,2287,80,2967.0,40.0,76.0
1790613463,2304,77,3001.0,49.0,76.0
1790613464,2268,75,3949.0,45.0,76.0
1790613465,2325,80,3023.0,28.0,76.0
1790613466,2291,77,2997.0,24.0,76.0
1790613467,2305,76,3994.0,69.0,76.0
1790613468,2264,73,2946.0,60.0,76.0
1790613469,2291,77,2995.0,32.0,76.0
1790613470,2287,74,3945.0,55.0,76.0
