round,config,keys,decode_ms,frames
0,4 priority only,prio,8.993,425
0,6 qti low-latency only,qti,10.219,425
0,5 low-latency (AOSP) only,LL,10.188,425
0,8 operating rate only,OR,4.594,427
0,1 no keys,none,8.976,425
0,2 LL all (upstream),LL+vLL+qti+hisi+rtc+prio,10.123,426
0,9 LL-priority + OR (Quest default),LL+vLL+qti+hisi+rtc+OR,5.005,426
0,7 vendor.low-latency only,vLL,8.906,426
0,3 LL minus priority,LL+vLL+qti+hisi+rtc,10.089,425
1,4 priority only,prio,8.939,426
1,6 qti low-latency only,qti,10.148,426
1,2 LL all (upstream),LL+vLL+qti+hisi+rtc+prio,10.07,425
1,9 LL-priority + OR (Quest default),LL+vLL+qti+hisi+rtc+OR,5.027,426
1,3 LL minus priority,LL+vLL+qti+hisi+rtc,10.243,425
1,1 no keys,none,8.904,426
1,5 low-latency (AOSP) only,LL,10.216,425
1,7 vendor.low-latency only,vLL,8.943,426
1,8 operating rate only,OR,4.562,426
2,6 qti low-latency only,qti,10.206,426
2,7 vendor.low-latency only,vLL,8.924,425
2,5 low-latency (AOSP) only,LL,10.122,426
2,3 LL minus priority,LL+vLL+qti+hisi+rtc,10.104,426
2,2 LL all (upstream),LL+vLL+qti+hisi+rtc+prio,10.191,424
2,1 no keys,none,8.972,426
2,9 LL-priority + OR (Quest default),LL+vLL+qti+hisi+rtc+OR,4.979,426
2,8 operating rate only,OR,4.621,426
2,4 priority only,prio,8.989,426
